{
    "accuracy": [
        0.8322,
        0.8303,
        0.8252
    ],
    "avg f1": {
        "macro": [
            0.8317072841750293,
            0.8300902676007735,
            0.8192210156689217
        ],
        "weighted": [
            0.8317072841750294,
            0.8300902676007735,
            0.819221015668922
        ]
    },
    "avg precision": {
        "macro": [
            0.8400777690722382,
            0.8375440282445641,
            0.8343910988025686
        ],
        "weighted": [
            0.8400777690722382,
            0.8375440282445641,
            0.8343910988025683
        ]
    },
    "avg recall": {
        "macro": [
            0.8321999999999999,
            0.8302999999999999,
            0.8251999999999999
        ],
        "weighted": [
            0.8322,
            0.8303,
            0.8252
        ]
    }
}