{
    "accuracy": [
        0.8002,
        0.8174,
        0.8051
    ],
    "avg f1": {
        "macro": [
            0.8035797694655915,
            0.8190582946219104,
            0.8051057301322484
        ],
        "weighted": [
            0.8035797694655915,
            0.8190582946219103,
            0.8051057301322483
        ]
    },
    "avg precision": {
        "macro": [
            0.8215190366705227,
            0.8313734856380298,
            0.8178801136149613
        ],
        "weighted": [
            0.8215190366705226,
            0.8313734856380299,
            0.8178801136149613
        ]
    },
    "avg recall": {
        "macro": [
            0.8001999999999999,
            0.8173999999999999,
            0.8051
        ],
        "weighted": [
            0.8002,
            0.8174,
            0.8051
        ]
    }
}