{
    "accuracy": [
        0.940842040565458,
        0.9375,
        0.9388444990780578,
        0.9372695144437615
    ],
    "avg f1": {
        "macro": [
            0.9346704492179638,
            0.9312122078764806,
            0.9335247503659666,
            0.9312779013297506
        ],
        "weighted": [
            0.9408322932421681,
            0.9375084122932321,
            0.9388585744858478,
            0.9374027427847028
        ]
    },
    "avg precision": {
        "macro": [
            0.936449898424673,
            0.9323369602414052,
            0.933343706761311,
            0.930975897880565
        ],
        "weighted": [
            0.941410048304821,
            0.9381308743073935,
            0.9392037033580314,
            0.9380389832900979
        ]
    },
    "avg recall": {
        "macro": [
            0.933755656523972,
            0.9309234304220826,
            0.9341163502238544,
            0.9322445861687383
        ],
        "weighted": [
            0.940842040565458,
            0.9375,
            0.9388444990780578,
            0.9372695144437615
        ]
    }
}