{
    "accuracy": [
        0.9482559926244623,
        0.9454133374308543,
        0.9493700061462815,
        0.9447602950215119
    ],
    "avg f1": {
        "macro": [
            0.9445840992486894,
            0.9394693569203447,
            0.9449294122661593,
            0.9393587035366527
        ],
        "weighted": [
            0.9483350068520273,
            0.9454560171601732,
            0.9493558581892346,
            0.9448911997106029
        ]
    },
    "avg precision": {
        "macro": [
            0.9455961736211483,
            0.9399183853201653,
            0.9452854649752206,
            0.9387898429259444
        ],
        "weighted": [
            0.9487650209237113,
            0.9463039563431368,
            0.9495716748909787,
            0.9456948080770681
        ]
    },
    "avg recall": {
        "macro": [
            0.9439858723675014,
            0.9400984632550152,
            0.9448733841988632,
            0.9409033877007765
        ],
        "weighted": [
            0.9482559926244623,
            0.9454133374308543,
            0.9493700061462815,
            0.9447602950215119
        ]
    }
}